customer,campaign_year,campaign_df1,campaign_o_df1,campaign_df2,campaign_slug,city_in_campaign,event_city,match_score
Tuboleta,2025,MILO J,MILO J,MILO J,milo-j-bogota-2025,,Bogotá,100.0
Tuboleta,2025,TIËSTO,TIËSTO,Tiesto,tiesto-bogota-2025,,Bogotá,100.0
Tuboleta,2024,PIMPINELA,PIMPINELA,Pimpinela,pimpinela-bogota-2024,,Bogotá,100.0
Tuboleta,2024,DRUMCODE,DRUMCODE,DRUMCODE,drumcode-medellin-2024,,Medellín,100.0
Tuboleta,2024,CAPITAL FEST,CAPITAL FEST,CAPITAL FEST,capital-fest-bogota-2024,,Bogotá,100.0
Tuboleta,2024,"Julieta Venegas, Elsa y Elmar y Ximena Sariñana","Julieta Venegas, Elsa y Elmar y Ximena Sariñana","Julieta Venegas, Elsa y Elmar y Ximena Sariñana",julieta-venegas-bogota-2024,,Bogotá,100.0
Tuboleta,2024,LOS TIGRES DEL NORTE,LOS TIGRES DEL NORTE,Los Tigres del Norte,los-tigres-del-norte-bogota-2024,,Bogotá,100.0
Tuboleta,2025,DRACO ROSA,DRACO ROSA,Draco Rosa,draco-rosa-bogota-2025,,Bogotá,100.0
Tuboleta,2024,KANY GARCÍA,KANY GARCÍA,Kany García,kany-garcia-barranquilla-2024,,Barranquilla,100.0
Tuboleta,2024,THE BEATLES SYMPHONIC FANTASY,THE BEATLES SYMPHONIC FANTASY,The Beatles Symphonic Fantasy,the-beatles-symphonic-fantasy-bogota-2024,,Bogotá,100.0
Tuboleta,2024,WEEEKLY,WEEEKLY,Weeekly,weeekly-bogota-2024,,Bogotá,100.0
Tuboleta,2024,Jonas Brothers,Jonas Brothers,Jonas Brothers,jonas-brothers-bogota-2024,,Bogotá,100.0
Tuboleta,2024,RESIDENTE,RESIDENTE,Residente,residente-bogota-2024,,Bogotá,100.0
Tuboleta,2024,Mon Laferte,Mon Laferte,Mon Laferte,mon-laferte-bogota-2024,,Bogotá,100.0
Tuboleta,2024,MIGUEL MATEOS SINFÓNICO,MIGUEL MATEOS SINFÓNICO,Miguel Mateos Sinfónico,miguel-mateos-bogota-2024,,Bogotá,100.0
Tuboleta,2024,ARTBAT,ARTBAT,Artbat,artbat,,Bogotá,100.0
Tuboleta,2025,ANIME,ANIME,Anime,anime-bogota-2025,,Bogotá,100.0
Tuboleta,2024,14 CAÑONAZOS FEST,14 CAÑONAZOS FEST,14 Cañonazos Fest,14-canonazos-fest-bogota-2024,,Bogotá,100.0
Tuboleta,2025,EMILIA,EMILIA,Emilia,emilia-bogota-2025,,Bogotá,100.0
Tuboleta,2024,DREAD MAR I,DREAD MAR I,Dread Mar I,dread-mar-i-bogota-2024,,Bogotá,100.0
Tuboleta,2024,ANDRÉ RIEU,ANDRÉ RIEU,André Rieu,andre-rieu-bogota-2024,,Bogotá,100.0
Tuboleta,2025,JULIANA,JULIANA,Juliana,juliana-bogota-2025,,Bogotá,100.0
Tuboleta,2024,Bring Me The Horizon,Bring Me The Horizon,Bring Me The Horizon,bring-me-the-horizon-bogota-2024,,Bogotá,100.0
Tuboleta,2024,EPIC,EPIC,EPIC,epic-bogota-2024,,Bogotá,100.0
Tuboleta,2025,JOSÉ MADERO,JOSÉ MADERO,José Madero,jose-madero-bogota-2025,,Bogotá,100.0
Tuboleta,2024,DISCLOSURE,DISCLOSURE,Disclosure,disclosure-bogota-2024,,Bogotá,100.0
Tuboleta,2024,Los Aguilar,Los Aguilar,Los Aguilar,los-aguilar-bogota-2024,,Bogotá,100.0
Tuboleta,2025,RELS B,RELS B,Rels B,rels-b-bogota-2025,,Bogotá,100.0
Tuboleta,2024,CULTURA PROFÉTICA Y VICENTE GARCÍA,CULTURA PROFÉTICA Y VICENTE GARCÍA,Cultura Profética y Vicente García,cultura-profetica-vicente-garcia-bogota-2024,,Bogotá,100.0
Tuboleta,2024,ENTONO Sound system,ENTONO Sound system,Entono Sound System,entono-bogota-2024,,Bogotá,100.0
Tuboleta,2024,BDU,BDU,BDU,bdu-bogota-2024,,Bogotá,100.0
Tuboleta,2024,CAIFANES,CAIFANES,Caifanes,caifanes-bogota-2024,,Bogotá,100.0
Tuboleta,2024,BOOGIE NIGHTS,BOOGIE NIGHTS,BOOGIE NIGHTS,boogie-nights-bogota-2024,,Bogotá,100.0
Tuboleta,2024,MORAT,MORAT,Morat,morat-medellin-2024,,Medellín,100.0
Tuboleta,2024,MATTEO BOCELLI,MATTEO BOCELLI,Matteo Bocelli,matteo-bocelli-bogota-2024,,Bogotá,100.0
Tuboleta,2024,PIPE BUENO 3ER ROUND,PIPE BUENO 3ER ROUND,PIPE BUENO 3ER ROUND,pipe-bueno-bogota-2024,,Bogotá,100.0
Tuboleta,2024,BRING ME THE HORIZON,BRING ME THE HORIZON,Bring Me The Horizon,bring-me-the-horizon-bogota-2024,,Bogotá,100.0
Tuboleta,2025,REIK,REIK,REIK,reik-bogota-2025,,Bogotá,100.0
Tuboleta,2025,DUKI,DUKI,Duki,duki-bogota-2025,,Bogotá,100.0
Tuboleta,2025,STING,STING,Sting,sting-bogota-2025,,Bogotá,100.0
Tuboleta,2025,ANDRÉS CALAMARO,ANDRÉS CALAMARO,Andrés Calamaro,andres-calamaro-bogota-2025,,Bogotá,100.0
Tuboleta,2025,BACILOS,BACILOS,Bacilos,bacilos-bogota-2025,,Bogotá,100.0
Tuboleta,2024,ARMIN VAN BUUREN,ARMIN VAN BUUREN,Armin Van Buuren,armin-van-buuren-medellin-2024,,Medellín,100.0
Tuboleta,2025,GLORIA TREVI,GLORIA TREVI,Gloria Trevi,gloria-trevi-bogota-2025,,Bogotá,100.0
Tuboleta,2024,KIM LOAIZA,KIM LOAIZA,Kim Loaiza,kim-loaiza-bogota-2024,,Bogotá,100.0
Tuboleta,2024,THIS IS REAL DE HIP HOP LATINO III,THIS IS REAL  FESTIVAL DE HIP HOP LATINO III,This is Real - de Hip Hop Latino III,festival-hip-hop-latino-3-bogota-2024,,Bogotá,98.0
Tuboleta,2024,LOS PESOS PESADOS DEL VALLENATO,LOS PESOS PESADOS DEL VALLENATO,Pesos Pesados del Vallenato,pesos-pesados-del-vallenato-bogota-2024,,Bogotá,97.66666666666667
Tuboleta,2025,CYPRESS HILL ALCOLIRYKOZ,CYPRESS HILL  ALCOLIRYKOZ,CYPRESS HILL - ALCOLIRYKOZ,cypress-hill-alcolirykoz-bogota-2025,,Bogotá,97.33333333333333
Tuboleta,2024,SUENA VOL 2,SUENA VOL 2,Suena Vol. 2,suenavol2,,Bogotá,97.0
Tuboleta,2024,VIVE LA SALSA CALI,VIVE LA SALSA  CALI,Vive La Salsa,vive-la-salsa-cali-2024,Cali,Cali,94.66666666666667
Tuboleta,2024,SLIPKNOT 25TH ANNIVERSARY 2DA FECHA,SLIPKNOT 25TH ANNIVERSARY  2DA FECHA,Slipknot 25th Anniversary,slipknot-bogota-2024,,Bogotá,94.33333333333333
Tuboleta,2024,ANIVERSARIO OCHENTERO,ANIVERSARIO OCHENTERO,Aniversario Ochentero Full 80's,aniversario-ochentero-full-80-bogota-2024,,Bogotá,93.66666666666667
Tuboleta,2024,RAPHAEL VICTORIA 2024,RAPHAEL  VICTORIA 2024,RAPHAEL - VICTORIA,raphael-bogota-2024,,Bogotá,93.33333333333333
Tuboleta,2024,LOS TIGRES DEL NORTE 3RA FECHA,LOS TIGRES DEL NORTE  3RA  FECHA,Los Tigres del Norte,los-tigres-del-norte-bogota-2024-3,,Bogotá,93.33333333333333
Tuboleta,2024,LOS TIGRES DEL NORTE 2DA FECHA,LOS TIGRES DEL NORTE  2DA FECHA,Los Tigres del Norte,los-tigres-del-norte-bogota-2024-3,,Bogotá,93.33333333333333
Tuboleta,2024,MOR PRIDE FEST,MOR PRIDE FEST,MOR Pride,mor-pride-fest-medellin-2024,,Medellín,92.66666666666667
Tuboleta,2024,SHOW 1995 FRANCO ESCAMILLA,SHOW 1995  FRANCO ESCAMILLA,Franco Escamilla Show 1995,franco-escamilla-cali-2024,,Cali,92.0
Tuboleta,2024,RITVALES 2024,RITVALES 2024,Ritvales,ritvales-medellin-2024,,Medellín,92.0
Tuboleta,2024,DE LA NUEVA ERA EN BOGOTÁ,FESTIVAL DE LA NUEVA ERA EN BOGOTÁ,de la Nueva Era,festival-la-nueva-era-bogota-2024,Bogotá,Bogotá,91.66666666666667
Tuboleta,2024,VIVE LA SALSA MEDELLÍN,VIVE LA SALSA  MEDELLÍN,Vive La Salsa,vive-la-salsa-medellin-2024,Medellín,Medellín,91.33333333333333
Tuboleta,2024,PAUL VAN DYK MEDELLÍN,PAUL VAN DYK  MEDELLÍN,Paul Van Dyk,paul-van-dyk-medellin-2024,Medellín,Medellín,91.0
Tuboleta,2025,SAYONARA ÁLVARO DÍAZ,SAYONARA  ÁLVARO DÍAZ,Álvaro Díaz,alvaro-diaz-bogota-2025,,Bogotá,90.33333333333333
Tuboleta,2025,ALVARO DIAZ MEDELLÍN,ALVARO DIAZ MEDELLÍN,Álvaro Díaz,alvaro-diaz-medellin-2025,Medellín,Medellín,90.33333333333333
Tuboleta,2025,TRUENO 2025,TRUENO 2025,Trueno,trueno-bogota-2025,,Bogotá,90.33333333333333
Tuboleta,2024,CLOSING 2024 con ANOTR y Seth Troxler,CLOSING 2024 con ANOTR y Seth Troxler,ANOTR y Seth Troxler,anotr-seth-troxler-medellin-2024,,Medellín,90.0
Tuboleta,2024,CUARTETO DE NOS EN CONCIERTO,CUARTETO DE NOS EN CONCIERTO,Cuarteto de Nos,cuarteto-de-nos-bogota-2024,,Bogotá,90.0
Tuboleta,2024,MANUEL MEDRANO EN CONCIERTO,MANUEL MEDRANO EN CONCIERTO,Manuel Medrano,manuel-medrano-bogota-2024,,Bogotá,89.33333333333333
Tuboleta,2025,JOAQUIN SABINA | HOLA Y ADIOS,JOAQUIN SABINA | HOLA Y ADIOS,Joaquín Sabina,joaquin-sabina-bogota-2025,,Bogotá,89.33333333333333
Tuboleta,2025,BUNBURY BOGOTÁ,BUNBURY BOGOTÁ,Bunbury,bunbury-bogota-2025,Bogotá,Bogotá,89.0
Tuboleta,2024,ANDRÉ RIEU 4TA FECHA,ANDRÉ RIEU 4TA FECHA,André Rieu,andre-rieu-bogota-2024,,Bogotá,89.0
Tuboleta,2024,ANDRÉ RIEU 3RA FECHA,ANDRÉ RIEU 3RA FECHA,André Rieu,andre-rieu-bogota-2024,,Bogotá,89.0
Tuboleta,2025,MIRANDA BOGOTÁ,MIRANDA BOGOTÁ,Miranda,miranda-bogota-2025,Bogotá,Bogotá,89.0
Tuboleta,2025,Kylie Minogue,Kylie Minogue,Kylie Minogue en Concierto,kylie-minogue-bogota-2025,,Bogotá,89.0
Tuboleta,2024,THE WORLD IS A VAMPIRE THE SMASHING PUMPKINS,THE WORLD IS A VAMPIRE  THE SMASHING PUMPKINS,The Smashing Pumpkins,the-smashing-pumpkins-bogota-2024,,Bogotá,88.33333333333333
Tuboleta,2024,Don Tetto: Histórico,Don Tetto: Histórico,Don Tetto,don-tetto-bogota-2024,,Bogotá,88.0
Tuboleta,2025,&ME (FROM KEINEMUSIK) EN ORQUIDEORAMA,&ME (FROM KEINEMUSIK) EN ORQUIDEORAMA,&ME from KEINEMUSIK,keinemusik-medellin-2025,,Medellín,88.0
Tuboleta,2024,GILBERTO SANTAROSA AUTENTICO TOUR 2024,GILBERTO SANTAROSA AUTENTICO TOUR 2024,Gilberto Santarosa,gilberto-santarosa-cali-2024,,Cali,88.0
Tuboleta,2024,KANY GARCÍA BARRANQUILLA,KANY GARCÍA  BARRANQUILLA,Kany García,kany-garcia-barranquilla-2024,Barranquilla,Barranquilla,87.66666666666667
Tuboleta,2024,Blessd Bogotá,Blessd Bogotá,Blessd,blessd-bogota-2024,Bogotá,Bogotá,87.66666666666667
Tuboleta,2024,DANNA PAOLA,DANNA PAOLA,Danna,danna-bogota-2024,,Bogotá,87.33333333333333
Tuboleta,2024,VIVE LA SALSA PALCOS & GRADERIA,VIVE LA SALSA   PALCOS & GRADERIA,Vive La Salsa,vive-la-salsa-bogota-2024,,Bogotá,87.33333333333333
Tuboleta,2024,MEGADETH 2DA FECHA,MEGADETH 2DA FECHA,Megadeth,megadeth-bogota-2024,,Bogotá,87.33333333333333
Tuboleta,2024,"SILVESTRE DANGOND. LLEGO EL PODER ""TA MALO ""","SILVESTRE DANGOND.  LLEGO EL PODER ""TA MALO """,Silvestre Dangond,silvestre-dangond-bucaramanga-2024,,Bucaramanga,86.66666666666667
Tuboleta,2024,ANDRÉ RIEU 19 SEPTIEMBRE,ANDRÉ RIEU  19 SEPTIEMBRE,André Rieu,andre-rieu-bogota-2024,,Bogotá,86.33333333333333
Tuboleta,2023,PRIMAVERA SOUND BOGOTÁ 2023 DOMINGO 10,PRIMAVERA SOUND BOGOTÁ 2023  DOMINGO 10,Primavera Sound 2023,primavera-sound-bogota-2023,Bogotá,Bogotá,86.0
Tuboleta,2023,PRIMAVERA SOUND BOGOTÁ 2023 DOMINGO 10,PRIMAVERA SOUND BOGOTÁ 2023 DOMINGO 10,Primavera Sound 2023,primavera-sound-bogota-2023,Bogotá,Bogotá,86.0
Tuboleta,2023,ROAD TO PRIMAVERA PET SHOP BOYS,ROAD TO PRIMAVERA   PET SHOP BOYS,Pet Shop Boys Primavera,pet-shop-boys-primavera,,Bogotá,85.66666666666667
Tuboleta,2024,VENTURE X DEFINED BY PAUL VAN DYK,VENTURE X DEFINED BY PAUL VAN DYK,Paul Van Dyk,paul-van-dyk-bogota-2024,,Bogotá,84.33333333333333
Tuboleta,2024,RITVALES 2024 NOV 02 & 03,RITVALES 2024  COMBO NOV 02 & 03,Ritvales,ritvales-medellin-2024,,Medellín,84.0
Tuboleta,2024,Niall Horan The Show Live On Tour,Niall Horan  The Show Live On Tour,Niall Horan,niall-horan-bogota-2024,,Bogotá,83.33333333333333
Tuboleta,2024,1995 FRANCO ESCAMILLA CALI,1995 FRANCO ESCAMILLA  CALI,Franco Escamilla Show 1995,franco-escamilla-cali-2024,Cali,Cali,83.0
Tuboleta,2024,VIVE LA SALSA (COMBO 2 DÍAS) PALCOS & GRADERIA,VIVE LA SALSA  (COMBO 2 DÍAS) PALCOS & GRADERIA,Vive La Salsa,vive-la-salsa-bogota-2024,,Bogotá,82.33333333333333
Tuboleta,2025,THE OFFSPRING: SUPERCHARGED WORLDWIDE IN ’25,THE OFFSPRING: SUPERCHARGED WORLDWIDE IN ’25,The Offspring,the-offspring-bogota-2025,,Bogotá,82.33333333333333
Tuboleta,2023,ROAD TO PRIMAVERA THE CURE,ROAD TO PRIMAVERA  THE CURE,The Cure Primavera,the-cure-primavera,,Bogotá,81.66666666666667
Tuboleta,2025,BACILOS PEQUEÑOS ROMANCES,BACILOS  PEQUEÑOS ROMANCES,Bacilos,bacilos-bogota-2025,,Bogotá,81.33333333333333
Tuboleta,2024,RYAN CASTRO EL CANTANTE DEL GHETTO TOUR,RYAN CASTRO  EL CANTANTE DEL GHETTO TOUR,Ryan Castro,ryan-castro-bogota-2024,,Bogotá,81.33333333333333
Tuboleta,2024,MYKE TOWERS VIVE LA TUYA NO LA MIA TOUR,MYKE TOWERS  VIVE LA TUYA NO LA MIA TOUR,Myke Towers,myke-towers-bogota-2024,,Bogotá,81.33333333333333
Tuboleta,2024,MYKE TOWERS VIVA LA TUYA NO LA MIA TOUR,MYKE TOWERS  VIVA LA TUYA NO LA MIA TOUR,Myke Towers,myke-towers-bogota-2024,,Bogotá,81.33333333333333
Tuboleta,2024,AIR SUPPLY The Lost in Love Experience,AIR SUPPLY  The Lost in Love Experience,Air Supply,air-supply-bogota-2024,,Bogotá,80.66666666666667
Tuboleta,2024,CÚCUTA SUENA,CÚCUTA SUENA,"Cúcuta Suena Carlos Vives, Pipe Bueno y Blessd",cucuta-suena-2024,Cúcuta,Cúcuta,80.66666666666667
Tuboleta,2024,RYAN CASTRO EL CANTANTE DEL GHETTO TOUR CALI,RYAN CASTRO  EL CANTANTE DEL GHETTO TOUR  CALI,Ryan Castro,ryan-castro-cali-2024,Cali,Cali,80.0
Tuboleta,2024,RYAN CASTRO EL CANTANTE DEL GHETTO TOUR BOGOTÁ,RYAN CASTRO  EL CANTANTE DEL GHETTO TOUR  BOGOTÁ,Ryan Castro,ryan-castro-bogota-2024,Bogotá,Bogotá,79.66666666666667
Tuboleta,2024,1995 FRANCO ESCAMILLA MEDELLÍN,1995 FRANCO ESCAMILLA  MEDELLÍN,Franco Escamilla Show 1995,franco-escamilla-medellin-2024,Medellín,Medellín,79.66666666666667
Tuboleta,2024,RYAN CASTRO EL CANTANTE DEL GHETTO TOUR MANIZALES,RYAN CASTRO  EL CANTANTE DEL GHETTO TOUR  MANIZALES,Ryan Castro,ryan-castro-manizales-2024,Manizales,Manizales,79.0
Tuboleta,2024,RUGE 2024 MEDELLÍN,RUGE 2024  MEDELLÍN,RUGE,ruge-medellin-2024,Medellín,Medellín,78.66666666666667
Tuboleta,2024,RYAN CASTRO EL CANTANTE DEL GHETTO TOUR BARRANQUILLA,RYAN CASTRO  EL CANTANTE DEL GHETTO TOUR  BARRANQUILLA,Ryan Castro,ryan-castro-barranquilla-2024,Barranquilla,Barranquilla,78.33333333333333
Tuboleta,2024,RYAN CASTRO EL CANTANTE DEL GHETTO TOUR BUCARAMANGA,RYAN CASTRO  EL CANTANTE DEL GHETTO TOUR  BUCARAMANGA,Ryan Castro,ryan-castro-bucaramanga-2024,Bucaramanga,Bucaramanga,78.33333333333333
Tuboleta,2024,BLESSD BOGOTÁ 2024 SEGUNDA FECHA,BLESSD BOGOTÁ 2024  SEGUNDA FECHA,Blessd,blessd-bogota-2024-2,Bogotá,Bogotá,77.33333333333333
Tuboleta,2024,CAMILO NUESTRO LUGAR FELIZ TOUR,CAMILO NUESTRO LUGAR FELIZ TOUR,Camilo,camilo-bogota-2024-2,,Bogotá,77.33333333333333
Tuboleta,2024,TOTO | DOGZ OF OZ TOUR 2024,TOTO | DOGZ OF OZ TOUR 2024,Toto,toto-bogota-2024,,Bogotá,76.0
Tuboleta,2024,JUANES BOGOTÁ JUANES COLOMBIA FECHA 2,JUANES BOGOTÁ  JUANES COLOMBIA FECHA 2,Juanes,juanes-bogota-2024,Bogotá,Bogotá,76.0
Tuboleta,2024,CAMILO NUESTRO LUGAR FELIZ TOUR 2DA FECHA,CAMILO NUESTRO LUGAR FELIZ TOUR  2DA FECHA,Camilo,camilo-bogota-2024-2,,Bogotá,75.33333333333333
Tuboleta,2024,2024 NCT DREAM WORLD TOUR,2024 NCT DREAM WORLD TOUR,NCT,nct-bogota-2024,,Bogotá,73.66666666666667
Tuboleta,2024,MANÁ MÉXICO LINDO Y QUERIDO LATAM 2024 TOUR 3RA FECHA,MANÁ  MÉXICO LINDO Y QUERIDO LATAM 2024 TOUR  3RA FECHA,Maná,mana-bogota-2024,,Bogotá,71.33333333333333
eticket,2024,ROJUU,ROJUU,Rojuu,rojuu-bogota-2024,,Bogotá,100.0
eticket,2024,SILVESTRE Y LA NARANJA,SILVESTRE Y LA NARANJA,Silvestre y La Naranja,silvestre-y-la-naranja-bogota-2024,,Bogotá,100.0
eticket,2025,TRUENO,TRUENO,TRUENO,trueno-medellin-2025,,Medellín,100.0
eticket,2024,RAWAYANA,RAWAYANA,Rawayana,rawayana-bogota-2024,,Bogotá,100.0
eticket,2024,GRETA VAN FLEET,GRETA VAN FLEET,Greta Van Fleet,greta-van-fleet-bogota-2024,,Bogotá,100.0
eticket,2024,VINO AL PARQUE,VINO AL PARQUE,Vino al Parque,vino-al-parque-bogota-2024,,Bogotá,100.0
eticket,2024,WOS,WOS,WOS,wos-bogota-2024,,Bogotá,100.0
eticket,2024,MONSIEUR PERINÉ,MONSIEUR PERINÉ,Monsieur Periné,monsieur-perine-bogota-2024,,Bogotá,100.0
eticket,2025,THE CULT,THE CULT,The Cult,the-cult-bogota-2025,,Bogotá,100.0
eticket,2024,GALACTIC EMPIRE,GALACTIC EMPIRE,Galactic Empire,galactic-empire-bogota-2024,,Bogotá,100.0
eticket,2025,ANDREA BOCELLI,ANDREA BOCELLI,Andrea Bocelli,andrea-bocelli,,Bogotá,100.0
eticket,2024,MIGUEL ANGEL VIVO,MIGUEL ANGEL VIVO,Miguel Ángel Vivo,miguel-angel-vivo-bogota-2024,,Bogotá,100.0
eticket,2024,THE JUANPIS LIVE SHOW: LOS NOTO ASUSTADOS TEMPORADA 2,THE JUANPIS LIVE SHOW: LOS NOTO ASUSTADOS TEMPORADA 2,The Juanpis Live Show: Los Noto Asustados Temporada 2,juanpis-live-show-los-noto-asustados-2-bogota-2024,,Bogotá,100.0
eticket,2024,MAREH,MAREH,Mareh,mareh-bogota-2024,,Bogotá,100.0
eticket,2024,THE DRUMS,THE DRUMS,The Drums,the-drums-bogota-2024,,Bogotá,100.0
eticket,2024,ASHNIKKO,ASHNIKKO,Ashnikko,ashnikko-bogota-2024,,Bogotá,100.0
eticket,2024,LEO RIZZI,LEO RIZZI,Leo Rizzi,leo-rizzi-bogota-2024,,Bogotá,100.0
eticket,2025,MACA & GERO,MACA & GERO,Maca & Gero,maca-y-gero-bogota-2025,,Bogotá,100.0
eticket,2024,OH MY DRAG! SASHA COLBY,OH MY DRAG! SASHA COLBY,Oh My Drag! Sasha Colby,oh-my-drag-sasha-colby-bogota-2024,,Bogotá,100.0
eticket,2024,DRUNK COMEDY,DRUNK COMEDY,Drunk Comedy,drunk-comedy-18-bogota-2024,,Bogotá,100.0
eticket,2024,VALE GARZON,VALE GARZON,Vale Garzón,vale-garzon-bogota-2024,,Bogotá,100.0
eticket,2025,DAMIANO DAVID,DAMIANO DAVID,DAMIANO DAVID,damiano-david-bogota-2025,,Bogotá,100.0
eticket,2024,DAMAS GRATIS,DAMAS GRATIS,Damas Gratis,damas-gratis-bogota-2024,,Bogotá,100.0
eticket,2024,FRANZ FERDINAND,FRANZ FERDINAND,Franz Ferdinand,franz-ferdinand-medellin-2024,,Medellín,100.0
eticket,2024,BOXXERA,BOXXERA,Boxxera,boxxera-bogota-2024,,Bogotá,100.0
eticket,2024,TURNSTILE,TURNSTILE,Turnstile,turnstile-bogota-2024,,Bogotá,100.0
eticket,2024,BLUE MAN GROUP,BLUE MAN GROUP,Blue Man Group,blue-man-group-medellin-2024,,Medellín,100.0
eticket,2024,SHOW LYNIEL,SHOW LYNIEL,Show Lyniel,show-lyniel-medellin-2024,,Medellín,100.0
eticket,2024,TRAVIS BIRDS,TRAVIS BIRDS,TRAVIS BIRDS,travis-birds-bogota-2024,,Bogotá,100.0
eticket,2024,APOLO 7 & FRIENDS,APOLO 7 & FRIENDS,APOLO 7 & FRIENDS,apolo-7-y-friends-bogota-2024,,Bogotá,100.0
eticket,2024,BLACK PUMAS,BLACK PUMAS,Black Pumas,black-pumas-bogota-2024,,Bogotá,100.0
eticket,2024,MAYRA SÁNCHEZ,MAYRA SÁNCHEZ,Mayra Sánchez,mayra-sanchez-bogota-2024,,Bogotá,100.0
eticket,2025,YSY A,YSY A,YSY A,ysy-a-bogota-2025,,Bogotá,100.0
eticket,2024,VILLA ARRUGA: TODOS LOS CAMINOS CONDUCEN A SUBA,VILLA ARRUGA: TODOS LOS CAMINOS CONDUCEN A SUBA,Villa Arruga: Todos los caminos conducen a Suba,villa-arruga-bogota-2024,,Bogotá,100.0
eticket,2024,MOTHER MOTHER,MOTHER MOTHER,Mother Mother,mother-mother-bogota-2024,,Bogotá,100.0
eticket,2024,MILKY CHANCE,MILKY CHANCE,Milky Chance,milky-chance-bogota-2024,,Bogotá,100.0
eticket,2025,HA*ASH,HA*ASH,HA*ASH,haashville-bogota-2025,,Bogotá,100.0
eticket,2024,SIDDHARTHA,SIDDHARTHA,Siddhartha,siddhartha-bogota-2024,,Bogotá,100.0
eticket,2024,ZHU,ZHU,ZHU,zhu-bogota-2024,,Bogotá,100.0
eticket,2024,SVEN VÄTH E INVITADOS: COCOON 25Y,SVEN VÄTH E INVITADOS: COCOON 25Y,SVEN VÄTH E INVITADOS: COCOON 25Y,sven-vath-cocoon-bogota-2024,,Bogotá,100.0
eticket,2024,ALEJANDRO SANTAMARIA,ALEJANDRO SANTAMARIA,Alejandro Santamaría,alejandro-santamaria-bogota-2024,,Bogotá,100.0
eticket,2024,THE JUANPIS LIVE SHOW: MAKE COLOMBIA GREAT AGAIN,THE JUANPIS LIVE SHOW: MAKE COLOMBIA GREAT AGAIN,The Juanpis Live Show: Make Colombia Great Again,juanpis-live-show-make-colombia-great-again-bogota-2025,,Bogotá,100.0
eticket,2024,OH MY DRAG ! AQUARIA,OH MY DRAG ! AQUARIA,Oh My Drag! Aquaria,oh-my-drag-aquaria-bogota-2024,,Bogotá,98.33333333333333
eticket,2024,THE JUANPIS LIVE SHOW: LOS NOTO ASUSTADOS TEMPORADA 3,THE JUANPIS LIVE SHOW: LOS NOTO ASUSTADOS TEMPORADA 3,The Juanpis Live Show: Los Noto Asustados Temporada 2,juanpis-live-show-los-noto-asustados-2-bogota-2024,,Bogotá,98.33333333333333
eticket,2024,V FOR VOLUME PLAN DE FUGA,V FOR VOLUME  PLAN DE FUGA,V For Volume - Plan de Fuga,v-for-volume-bogota-2024,,Bogotá,97.33333333333333
eticket,2024,AVENTURACERRANDO CICLOS,AVENTURACERRANDO CICLOS,Aventura Cerrando ciclos,aventura-bogota-2024-2,,Bogotá,97.33333333333333
eticket,2024,THE JUANPIS LIVE SHOW: MAKE COLOMBIA GREAT AGAIN TEMPORADA 2,THE JUANPIS LIVE SHOW: MAKE COLOMBIA GREAT AGAIN TEMPORADA 2,The Juanpis Live Show: Make Colombia Great Again,juanpis-live-show-make-colombia-great-again-bogota-2025,,Bogotá,96.33333333333333
eticket,2024,THE JUANPIS LIVE SHOW: MAKE COLOMBIA GREAT AGAIN TEAMPORADA 2,THE JUANPIS LIVE SHOW: MAKE COLOMBIA GREAT AGAIN TEAMPORADA 2,The Juanpis Live Show: Make Colombia Great Again,juanpis-live-show-make-colombia-great-again-bogota-2025,,Bogotá,96.0
eticket,2024,KNTXT CHARLOTTE DE WITTE,KNTXT CHARLOTTE DE WITTE,Charlotte de Witte KNTXT,kntxt-charlotte-de-witte-medellin-2024,,Medellín,95.33333333333333
eticket,2024,PÁRAMO CELEBRA 2024,PÁRAMO CELEBRA 2024,Páramo Celebra,paramo-celebra-bogota-2024,,Bogotá,95.0
eticket,2024,OLAS SONORAS 2024,OLAS SONORAS 2024,Olas Sonoras,festival-olas-sonoras-2024,,Santa Marta,94.33333333333333
eticket,2024,BRUTALISMUS 3000 BOGOTÁ,BRUTALISMUS 3000  BOGOTÁ PROMOTORES,Brutalismus 3000,brutalismus-3000-bogota-2024,Bogotá,Bogotá,94.0
eticket,2024,BRUTALISMUS 3000 BOGOTÁ,BRUTALISMUS 3000  BOGOTÁ,Brutalismus 3000,brutalismus-3000-bogota-2024,Bogotá,Bogotá,94.0
eticket,2024,LAGOON FEST 2024,LAGOON FEST 2024,Lagoon Fest,lagoon-fest-piscilago-2024,,Nilo,93.66666666666667
eticket,2025,ESTÉREO PICNIC JUEVES,FESTIVAL ESTÉREO PICNIC JUEVES,Estéreo Picnic,estereo-picnic-2025,,Bogotá,93.33333333333333
eticket,2024,VINO AL PARQUE 3 DÍAS,VINO AL PARQUE  COMBO 3 DÍAS,Vino al Parque,vino-al-parque-bogota-2024-2,,Bogotá,93.33333333333333
eticket,2024,OH MY DRAG! SASHA COLBY DESCUENTOS,OH MY DRAG! SASHA COLBY DESCUENTOS,Oh My Drag! Sasha Colby,oh-my-drag-sasha-colby-bogota-2024,,Bogotá,93.33333333333333
eticket,2025,ESTÉREO PICNIC SÁBADO,FESTIVAL ESTÉREO PICNIC SÁBADO,Estéreo Picnic,estereo-picnic-2025,,Bogotá,93.33333333333333
eticket,2024,BRUTALISMUS 3000 MEDELLÍN,BRUTALISMUS 3000 MEDELLÍN,Brutalismus 3000,brutalismus-3000-medellin-2024,Medellín,Medellín,92.66666666666667
eticket,2025,ESTÉREO PICNIC VIERNES,FESTIVAL ESTÉREO PICNIC VIERNES,Estéreo Picnic,estereo-picnic-2025,,Bogotá,92.66666666666667
eticket,2025,ESTÉREO PICNIC DOMINGO,FESTIVAL ESTÉREO PICNIC DOMINGO,Estéreo Picnic,estereo-picnic-2025,,Bogotá,92.66666666666667
eticket,2024,BRUTALISMUS 3000 MEDELLÍN,BRUTALISMUS 3000 MEDELLÍN PROMOTORES,Brutalismus 3000,brutalismus-3000-medellin-2024,Medellín,Medellín,92.66666666666667
eticket,2024,FRANZ FERDINAND FAN DAYS,FRANZ FERDINAND  FAN DAYS,Franz Ferdinand,franz-ferdinand-medellin-2024,,Medellín,92.33333333333333
eticket,2024,I LOVE 90'S BOGOTA,I LOVE 90'S BOGOTA,I LOVE 90'S,i-love-90s-bogota-2024,Bogotá,Bogotá,92.0
eticket,2024,COMUNIÓN 2024,COMUNIÓN 2024,Comunión,comunion-bogota-2024,,Bogotá,92.0
eticket,2024,PAUL MCCARTNEY GOT BACK,PAUL MCCARTNEY  GOT BACK,Paul McCartney,paul-mccartney-bogota-2024,,Bogotá,92.0
eticket,2024,ANDRÉS CARNE DE RES PRESENTA: JALOGUIN RITUALES DE INFRAMUNDO,ANDRÉS CARNE DE RES PRESENTA: JALOGUIN RITUALES DE INFRAMUNDO,Andrés Carne de Res Jaloguin Rituales de Inframundo,andres-carne-de-res-jaloguin-2024,,Bogotá,91.66666666666667
eticket,2024,I LOVE 90S BOGOTÁ,I LOVE 90S  BOGOTÁ,I Love 90s,i-love-90s-bogota,Bogotá,Bogotá,91.33333333333333
eticket,2024,MOTHER MOTHER + FAN DAYS,MOTHER MOTHER + FAN DAYS,Mother Mother,mother-mother-bogota-2024,,Bogotá,91.33333333333333
eticket,2024,RAWYANA,RAWYANA,Rawayana,rawayana-bogota-2024,,Bogotá,90.66666666666667
eticket,2024,I LOVE 90'S MEDELLIN,I LOVE 90'S MEDELLIN,I LOVE 90'S,i-love-90s-medellin-2024,Medellín,Medellín,90.33333333333333
eticket,2024,JUANES CALI,JUANES CALI,Juanes,juanes-cali-2024,Cali,Cali,90.33333333333333
eticket,2024,4 DÍAS ESTÉREO PICNIC 2024,COMBO 4 DÍAS DTO  FESTIVAL ESTÉREO PICNIC 2024,Estéreo Picnic,estereo-picnic-2024,,Bogotá,90.0
eticket,2024,4 DÍAS ESTÉREO PICNIC 2024,COMBO 4 DÍAS  FESTIVAL ESTÉREO PICNIC 2024,Estéreo Picnic,estereo-picnic-2024,,Bogotá,90.0
eticket,2025,SÁBADO ESTÉREO PICNIC 2025,SÁBADO  FESTIVAL ESTÉREO PICNIC 2025,Estéreo Picnic,estereo-picnic-2025,,Bogotá,90.0
eticket,2025,3 DIAS ESTÉREO PICNIC 2025,COMBO 3 DIAS  FESTIVAL ESTÉREO PICNIC 2025  DTO,Estéreo Picnic,estereo-picnic-2025,,Bogotá,90.0
eticket,2025,JUEVES ESTÉREO PICNIC 2025,JUEVES  FESTIVAL ESTÉREO PICNIC 2025,Estéreo Picnic,estereo-picnic-2025,,Bogotá,90.0
eticket,2024,ESTÉREO PICNIC 2024 3 DÍAS,FESTIVAL ESTÉREO PICNIC 2024 COMBO 3 DÍAS,Estéreo Picnic,estereo-picnic-2024,,Bogotá,90.0
eticket,2024,3 DÍAS ESTÉREO PICNIC 2024,COMBO 3 DÍAS  FESTIVAL ESTÉREO PICNIC 2024,Estéreo Picnic,estereo-picnic-2024,,Bogotá,90.0
eticket,2025,4 DIAS ESTÉREO PICNIC 2025,COMBO 4 DIAS  FESTIVAL ESTÉREO PICNIC 2025,Estéreo Picnic,estereo-picnic-2025,,Bogotá,90.0
eticket,2025,3 DIAS ESTÉREO PICNIC 2025,COMBO 3 DIAS  FESTIVAL ESTÉREO PICNIC 2025,Estéreo Picnic,estereo-picnic-2025,,Bogotá,90.0
eticket,2024,ESTÉREO PICNIC 2024 4 DÍAS,FESTIVAL ESTÉREO PICNIC 2024 COMBO 4 DÍAS,Estéreo Picnic,estereo-picnic-2024,,Bogotá,90.0
eticket,2024,I LOVE 90S MEDELLÍN,I LOVE 90S  MEDELLÍN,I Love 90s,i-love-90s-medellin,Medellín,Medellín,89.66666666666667
eticket,2024,PÁRAMO CELEBRA 2024FAN DAYS,PÁRAMO CELEBRA 2024FAN DAYS,Páramo Celebra,paramo-celebra-bogota-2024,,Bogotá,89.33333333333333
eticket,2025,DOMINGO ESTÉREO PICNIC 2025,DOMINGO  FESTIVAL ESTÉREO PICNIC 2025,Estéreo Picnic,estereo-picnic-2025,,Bogotá,89.33333333333333
eticket,2024,ANDRES CARNE DE RES PRESENTA: A LA CALLE CON PLANCHANDO EL DESPECHO Y RICARDO TORRES Y SU MARIACHI,ANDRES CARNE DE RES PRESENTA: A LA CALLE CON PLANCHANDO EL DESPECHO Y RICARDO TORRES Y SU MARIACHI,Planchando el Despecho con Ricardo Torres y su Mariachi,planchando-el-despecho-con-ricardo-torres-y-su-mariachi-bogota-2024,,Chía,89.33333333333333
eticket,2025,VIERNES ESTÉREO PICNIC 2025,VIERNES  FESTIVAL ESTÉREO PICNIC 2025,Estéreo Picnic,estereo-picnic-2025,,Bogotá,89.33333333333333
eticket,2024,DRUNK COMEDY TEMPORADA 2,DRUNK COMEDY TEMPORADA 2,Drunk Comedy,drunk-comedy-bogota-2024,,Bogotá,89.0
eticket,2024,THE HALL EFFECT T.H.E COMEBACK,THE HALL EFFECT T.H.E COMEBACK,The Hall Effect,the-hall-effect-bogota-2024,,Bogotá,89.0
eticket,2024,CA7RIEL & PACO AMOROSO: BANO MARIA,CA7RIEL & PACO AMOROSO: BANO MARIA,Ca7riel y Paco Amoroso,ca7riel-paco-amoroso-bogota-2024,,Bogotá,88.33333333333333
eticket,2024,VINO AL PARQUE SÁBADO 22 JUNIO,VINO AL PARQUE  SÁBADO 22 JUNIO,Vino al Parque,vino-al-parque-bogota-2024-2,,Bogotá,88.0
eticket,2025,ANDRÉS CALAMARO: AGENDA 1999 TOUR,ANDRÉS CALAMARO: AGENDA 1999 TOUR,Andrés Calamaro,andres-calamaro-cali-2025,,Cali,88.0
eticket,2025,MACA & GERO MEET & GREET,MACA & GERO   MEET & GREET,Maca & Gero,maca-y-gero-bogota-2025,,Bogotá,87.33333333333333
eticket,2024,BAUM 2024,BAUM FESTIVAL 2024,Baum,baum-festival-2024,,Bogotá,87.33333333333333
eticket,2024,VINO AL PARQUE DOMINGO 23 JUNIO,VINO AL PARQUE  DOMINGO 23 JUNIO,Vino al Parque,vino-al-parque-bogota-2024-2,,Bogotá,87.33333333333333
eticket,2024,CORDILLERA 2024 SABADO,FESTIVAL CORDILLERA 2024  SABADO  DTO,Cordillera,festival-cordillera-bogota-2024,,Bogotá,87.33333333333333
eticket,2024,CORDILLERA 2024 2 DIAS,FESTIVAL CORDILLERA 2024  COMBO 2 DIAS,Cordillera,festival-cordillera-bogota-2024,,Bogotá,87.33333333333333
eticket,2024,VINO AL PARQUE VIERNES 21 JUNIO,VINO AL PARQUE  VIERNES 21 JUNIO,Vino al Parque,vino-al-parque-bogota-2024-2,,Bogotá,87.33333333333333
eticket,2024,CORDILLERA 2024 SABADO,FESTIVAL CORDILLERA 2024  SABADO,Cordillera,festival-cordillera-bogota-2024,,Bogotá,87.33333333333333
eticket,2024,CORDILLERA 2024 2 DIAS,FESTIVAL CORDILLERA 2024  COMBO 2 DIAS  DTO,Cordillera,festival-cordillera-bogota-2024,,Bogotá,87.33333333333333
eticket,2024,BAUM 2024,BAUM FESTIVAL 2024  PROMOTORES,Baum,baum-festival-2024,,Bogotá,87.33333333333333
eticket,2024,CORDILLERA 2024 DOMINGO,FESTIVAL CORDILLERA 2024  DOMINGO DTO,Cordillera,festival-cordillera-bogota-2024,,Bogotá,87.0
eticket,2024,RAPHAEL MEDELLÍN,RAPHAEL MEDELLÍN,Raphael,raphael-medellin-2024,Medellín,Medellín,87.0
eticket,2024,CORDILLERA 2024 DOMINGO,FESTIVAL CORDILLERA 2024  DOMINGO,Cordillera,festival-cordillera-bogota-2024,,Bogotá,87.0
eticket,2024,JUEVES 21 DE MARZO ESTÉREO PICNIC,JUEVES 21 DE MARZO  FESTIVAL ESTÉREO PICNIC,Estéreo Picnic,estereo-picnic-2024,,Bogotá,86.66666666666667
eticket,2024,JUANES PEREIRA,JUANES PEREIRA,Juanes,juanes-pereira-2024,Pereira,Pereira,86.66666666666667
eticket,2024,BICEP DJ SET,BICEP DJ SET,Bicep,bicep-bogota-2024,,Bogotá,86.33333333333333
eticket,2024,BRESH BOGOTÁ,BRESH BOGOTÁ,Bresh,bresh-bogota-2024,Bogotá,Bogotá,86.33333333333333
eticket,2024,EXPONENCIAL MENTE CONCIENTE,EXPONENCIAL MENTE CONCIENTE,"Pilar Sordo, Exponencial Mente Consciente",pilar-sordo-exponencial-mente-consciente-bogota-2024,,Bogotá,86.0
eticket,2025,PIERCE THE VEIL:I CAN'T HEAR YOU TOUR,PIERCE THE VEIL:I CAN'T HEAR YOU TOUR,Pierce The Veil,pierce-the-veil-bogota-2025,,Bogotá,86.0
eticket,2024,ANDRÉS CEPEDA: PAQUETES FANS CALI,ANDRÉS CEPEDA: PAQUETES FANS  CALI,Andrés Cepeda,andres-cepeda-cali-2024,Cali,Cali,86.0
eticket,2024,EXHALE MEDELLIN,EXHALE MEDELLIN PROMOTORES,Exhale,exhale-medellin-2024,Medellín,Medellín,85.66666666666667
eticket,2024,JUAN DUQUE Q.M.P.E.V. TOUR,JUAN DUQUE Q.M.P.E.V. TOUR,Juan Duque,juan-duque-bogota-2024,,Bogotá,85.66666666666667
eticket,2024,EXHALE MEDELLIN,EXHALE MEDELLIN,Exhale,exhale-medellin-2024,Medellín,Medellín,85.66666666666667
eticket,2024,AFTERLIFE,AFTERLIFE,Afterlife Medellín 2024,afterlife-medellin-2024,,Medellín,85.33333333333333
eticket,2025,THE WARNING KEEP ME FED TOUR,THE WARNING  KEEP ME FED TOUR,The Warning,the-warning-bogota-2025,,Bogotá,85.33333333333333
eticket,2024,BURNING CARAVAN PRESENTA: CONCIERTO FIESTA PARA TRIPULANTES,BURNING CARAVAN PRESENTA: CONCIERTO FIESTA PARA TRIPULANTES,Burning Caravan - Fiesta para Tripulantes,burning-caravan-fiesta-para-tripulantes-bogota-2024,,Bogotá,85.0
eticket,2024,ANDRÉS CEPEDA: PAQUETES FANS BOGOTÁ,ANDRÉS CEPEDA: PAQUETES FANS  BOGOTÁ,Andrés Cepeda,andres-cepeda-bogota-2024,Bogotá,Bogotá,85.0
eticket,2024,METAMORFOSIS TOUR ELA TAUBERT,METAMORFOSIS TOUR  ELA TAUBERT,Ela Taubert,ela-taubert-bogota-2024,,Bogotá,85.0
eticket,2024,ANDRÉS CEPEDA: PAQUETES FANS IBAGUE,ANDRÉS CEPEDA: PAQUETES FANS  IBAGUE,Andrés Cepeda,andres-cepeda-ibague-2024,Ibagué,Ibagué,85.0
eticket,2024,SÁBADO 23 DE MARZO 2024 ESTÉREO PICNIC,SÁBADO 23 DE MARZO 2024  FESTIVAL ESTÉREO PICNIC,Estéreo Picnic,estereo-picnic-2024,,Bogotá,84.66666666666667
eticket,2024,VIERNES 22 DE MARZO 2024 ESTÉREO PICNIC,VIERNES 22 DE MARZO 2024  FESTIVAL ESTÉREO PICNIC,Estéreo Picnic,estereo-picnic-2024,,Bogotá,84.33333333333333
eticket,2024,COMUNIÓN 2024 FAN DAYS,COMUNIÓN 2024  FAN DAYS,Comunión,comunion-bogota-2024,,Bogotá,84.33333333333333
eticket,2024,VIERNES 22 DE MARZO 2024 ESTÉREO PICNIC,VIERNES 22 DE MARZO DTO 2024  FESTIVAL ESTÉREO PICNIC,Estéreo Picnic,estereo-picnic-2024,,Bogotá,84.33333333333333
eticket,2024,ANDRÉS CEPEDA: PAQUETES FANS MEDELLÍN,ANDRÉS CEPEDA: PAQUETES FANS  MEDELLÍN,Andrés Cepeda,andres-cepeda-medellin-2024,Medellín,Medellín,84.33333333333333
eticket,2024,DIAMANTE ELÉCTRICO PRESENTA UNA NOCHE EN LA CIUDAD,DIAMANTE ELÉCTRICO PRESENTA UNA NOCHE EN LA CIUDAD,Diamante Eléctrico,diamante-electrico-bogota-2024,,Bogotá,84.33333333333333
eticket,2024,DEL TERROR 9 LA RUTA MACABRA,FESTIVAL DEL TERROR 9  LA RUTA MACABRA,del Terror,festival-del-terror-bogota-2024,,Bogotá,84.33333333333333
eticket,2024,DOMINGO 24 DE MARZO 2024 ESTÉREO PICNIC,DOMINGO 24 DE MARZO 2024  FESTIVAL ESTÉREO PICNIC,Estéreo Picnic,estereo-picnic-2024,,Bogotá,84.33333333333333
eticket,2024,DOMINGO 24 DE MARZO 2024 ESTÉREO PICNIC,DOMINGO 24 DE MARZO 2024 DTO  FESTIVAL ESTÉREO PICNIC,Estéreo Picnic,estereo-picnic-2024,,Bogotá,84.33333333333333
eticket,2025,2 DÍAS (JUEVES SABADO) ESTÉREO PICNIC 2025,COMBO 2 DÍAS (JUEVES  SABADO)  FESTIVAL ESTÉREO PICNIC 2025,Estéreo Picnic,estereo-picnic-2025,,Bogotá,84.0
eticket,2024,KNTXT CHARLOTTE DE EITTE,KNTXT CHARLOTTE DE EITTE,Charlotte de Witte KNTXT,kntxt-charlotte-de-witte-medellin-2024,,Medellín,84.0
eticket,2024,ANDRÉS CEPEDA: PAQUETES FANS MANIZALES,ANDRÉS CEPEDA: PAQUETES FANS  MANIZALES,Andrés Cepeda,andres-cepeda-manizales-2024,Manizales,Manizales,84.0
eticket,2025,2 DÍAS (JUEVES DOMINGO) ESTÉREO PICNIC 2025,COMBO 2 DÍAS (JUEVES  DOMINGO)  FESTIVAL ESTÉREO PICNIC 2025,Estéreo Picnic,estereo-picnic-2025,,Bogotá,83.66666666666667
eticket,2025,2 DÍAS (JUEVES VIERNES) ESTÉREO PICNIC 2025,COMBO 2 DÍAS (JUEVES  VIERNES)  FESTIVAL ESTÉREO PICNIC 2025,Estéreo Picnic,estereo-picnic-2025,,Bogotá,83.66666666666667
eticket,2025,2 DÍAS (SABADO DOMINGO) ESTÉREO PICNIC 2025,COMBO 2 DÍAS (SABADO  DOMINGO)  FESTIVAL ESTÉREO PICNIC 2025,Estéreo Picnic,estereo-picnic-2025,,Bogotá,83.66666666666667
eticket,2024,NASA HISTOIRES EN BOGOTA FLOR MORADA TOUR,NASA HISTOIRES EN BOGOTA  FLOR MORADA TOUR,NASA Histoires,nasa-histoires-bogota-2024,Bogotá,Bogotá,83.66666666666667
eticket,2024,NASA HISTOIRES EN BOGOTÁ FLOR MORADA TOUR,NASA HISTOIRES EN BOGOTÁ  FLOR MORADA TOUR,NASA Histoires,nasa-histoires-bogota-2024,Bogotá,Bogotá,83.66666666666667
eticket,2025,2 DÍAS (VIERNES SABADO) ESTÉREO PICNIC 2025,COMBO 2 DÍAS (VIERNES  SABADO)  FESTIVAL ESTÉREO PICNIC 2025,Estéreo Picnic,estereo-picnic-2025,,Bogotá,83.66666666666667
eticket,2024,JUANES BUCARAMANGA,JUANES BUCARAMANGA,Juanes,juanes-bucaramanga-2024,Bucaramanga,Bucaramanga,83.33333333333333
eticket,2024,ANDRÉS CEPEDA: PAQUETES FANS BUCARAMANGA,ANDRÉS CEPEDA: PAQUETES FANS  BUCARAMANGA,Andrés Cepeda,andres-cepeda-bucaramanga-2024,Bucaramanga,Bucaramanga,83.33333333333333
eticket,2024,KNTXT CHARLOTTE DE WITTEPROMOTORES,KNTXT CHARLOTTE DE WITTEPROMOTORES,Charlotte de Witte KNTXT,kntxt-charlotte-de-witte-medellin-2024,,Medellín,82.66666666666667
eticket,2023,THE WILD BRUNCH,THE WILD BRUNCH,Wild Brunch Cartagena,wild-brunch-cartagena-2023,,Cartagena,82.66666666666667
eticket,2024,"ESTÉREO PICNIC 2024 22,23,Y 24 DE MARZO 2024","FESTIVAL ESTÉREO PICNIC 2024 22,23,Y 24 DE MARZO 2024",Estéreo Picnic,estereo-picnic-2024,,Bogotá,82.66666666666667
eticket,2025,FONSECA: TROPICALIA TOUR,FONSECA: TROPICALIA TOUR,Fonseca,fonseca-cali-2025,Cali,Cali,82.33333333333333
eticket,2024,ANDRÉS CEPEDA: NUESTRA VIDA EN CANCIONES CALI,ANDRÉS CEPEDA: NUESTRA VIDA EN CANCIONES  CALI,Andrés Cepeda,andres-cepeda-cali-2024,Cali,Cali,82.0
eticket,2025,PARCELS CONCIERTO DE INAGURACIÓN ESTEREO PICNIC,PARCELS  CONCIERTO DE INAGURACIÓN ESTEREO PICNIC,Estéreo Picnic,estereo-picnic-2025,,Bogotá,82.0
eticket,2024,OLV 3: OH'LAVILLE EN VIVO EN BOGOTÁ,OLV 3: OH'LAVILLE EN VIVO EN BOGOTÁ,Oh'laville,oh-laville-bogota-2024,Bogotá,Bogotá,81.66666666666667
eticket,2024,DUPLAT MOSAICO PIRATA,DUPLAT  MOSAICO PIRATA,Duplat,duplat-bogota-2024,,Bogotá,81.33333333333333
eticket,2024,ANDRÉS CEPEDA: NUESTRA VIDA EN CANCIONES IBAGUÉ,ANDRÉS CEPEDA: NUESTRA VIDA EN CANCIONES  IBAGUÉ,Andrés Cepeda,andres-cepeda-ibague-2024,Ibagué,Ibagué,81.33333333333333
eticket,2024,ANDRÉS CEPEDA: NUESTRA VIDA EN CANCIONES BOGOTÁ,ANDRÉS CEPEDA: NUESTRA VIDA EN CANCIONES  BOGOTÁ,Andrés Cepeda,andres-cepeda-bogota-2024,Bogotá,Bogotá,81.33333333333333
eticket,2024,LIKA NOVA PRESENTA: REPETIRÍA TODO,LIKA NOVA PRESENTA: REPETIRÍA TODO,Lika Nova,lika-nova-bogota-2024,,Bogotá,81.0
eticket,2024,ANDRÉS CEPEDA: NUESTRA VIDA EN CANCIONES MEDELLÍN,ANDRÉS CEPEDA: NUESTRA VIDA EN CANCIONES  MEDELLÍN,Andrés Cepeda,andres-cepeda-medellin-2024,Medellín,Medellín,81.0
eticket,2024,SANTU EN CONCIERTO,SANTU EN CONCIERTO,Santu,santu-bogota-2024,,Bogotá,81.0
eticket,2024,ALAN SUTTON Y LAS CRIATURAS DE LA ANSIEDAD,ALAN SUTTON Y LAS CRIATURAS DE LA ANSIEDAD,Alan Sutton,alan-sutton-bogota-2024,,Bogotá,80.66666666666667
eticket,2024,ANDRÉS CEPEDA: NUESTRA VIDA EN CANCIONES MANIZALES,ANDRÉS CEPEDA: NUESTRA VIDA EN CANCIONES  MANIZALES,Andrés Cepeda,andres-cepeda-manizales-2024,Manizales,Manizales,80.66666666666667
eticket,2024,ANDRÉS CEPEDA: NUESTRA VIDA EN CANCIONES BUCARAMANGA,ANDRÉS CEPEDA: NUESTRA VIDA EN CANCIONES  BUCARAMANGA,Andrés Cepeda,andres-cepeda-bucaramanga-2024,Bucaramanga,Bucaramanga,80.33333333333333
eticket,2024,BAUM 2024 2 DÍAS,BAUM FESTIVAL 2024 COMBO 2 DÍAS  PROMOTORES,Baum,baum-festival-2024,,Bogotá,80.0
eticket,2025,BAUM 2025 2 DÍAS,BAUM FESTIVAL 2025 COMBO 2 DÍAS,Baum,baum-festival-2025,,Bogotá,80.0
eticket,2024,BAUM 2024 2 DIAS,BAUM FESTIVAL 2024 COMBO 2 DIAS,Baum,baum-festival-2024,,Bogotá,80.0
eticket,2024,JUANES PEREIRA DESCUENTOS,JUANES PEREIRA  DESCUENTOS,Juanes,juanes-pereira-2024,Pereira,Pereira,79.66666666666667
eticket,2024,MAD TREE PRESENTA: EL ETERNO RETORNO,MAD TREE PRESENTA: EL ETERNO RETORNO,Mad Tree,mad-tree-bogota-2024,,Bogotá,79.0
eticket,2024,GABO 2024 ABONO 3 DÍAS,FESTIVAL GABO 2024  ABONO 3 DÍAS,Gabo,festival-gabo-bogota-2024,,Bogotá,77.0
eticket,2024,AURORA WHAT HAPPENED TO THE EARTH? PART 3,AURORA  WHAT HAPPENED TO THE EARTH? PART 3,Aurora,aurora-bogota-2024,,Bogotá,75.33333333333333
eticket,2024,KNTXT CHARLOTTE DE EITTEpromotores,KNTXT CHARLOTTE DE EITTEpromotores,Charlotte de Witte KNTXT,kntxt-charlotte-de-witte-medellin-2024,,Medellín,74.33333333333333
eticket,2024,INTERPOL CELEBRANDO LOS DISCOS: TURN ON THE BRIGHT LIGHTS Y ANTICS,INTERPOL CELEBRANDO LOS DISCOS: TURN ON THE BRIGHT LIGHTS Y ANTICS,Interpol,interpol-medellin-2024,,Medellín,74.0
eticket,2024,BAUM 2024 24 DE MAYO VIERNES INDIVIDUAL,BAUM FESTIVAL 2024  24 DE MAYO VIERNES INDIVIDUAL PROMOTORES,Baum,baum-festival-2024,,Bogotá,73.0
eticket,2024,BAUM 2024 24 DE MAYO VIERNES INDIVIDUAL,BAUM FESTIVAL 2024  24 DE MAYO  VIERNES INDIVIDUAL,Baum,baum-festival-2024,,Bogotá,73.0
eticket,2024,BAUM 2024 25 DE MAYO SÁBADO INDIVIDUAL,BAUM FESTIVAL 2024  25 DE MAYO  SÁBADO INDIVIDUAL,Baum,baum-festival-2024,,Bogotá,73.0
eticket,2024,BAUM 2024 25 DE MAYO SÁBADO INDIVIDUAL,BAUM FESTIVAL 2024  25 DE MAYO SÁBADO INDIVIDUAL PROMOTORES,Baum,baum-festival-2024,,Bogotá,73.0
eticket,2024,FEID EN BOGOTA,FEID EN BOGOTA,Gonzalo Ávila en Bogotá,gonzalo-avila-bogota-2024,Bogotá,Bogotá,71.66666666666667
eticket,2024,SLASH FT. MYLES KENNEDY AND THE CONSPIRATORS: THE RIVER IS RISING REST OF THE WORLD TOUR '24,SLASH FT. MYLES KENNEDY AND THE CONSPIRATORS: THE RIVER IS RISING  REST OF THE WORLD TOUR '24,Slash,slash-bogota-2024,,Bogotá,70.33333333333333
